{
  "fibre_length": 0.2,
  "wavelength": 1.064e-6,
  "core_radius": 25.0e-6,
  "numerical_aperture": 0.22,
  "n_core": 1.457,
  "fibre_parameter": 32.4788714186915,
  "num_modes": 269,
  "wavenumber": 5.905249348852994e6,
  "core_wavevector": [
    2.3329246648273, 5.3544406543201, 8.39233500281992, 11.431838308302,
    14.469213280318, 17.5019286325089, 20.5274151759268, 23.5416595774689,
    26.5370809822945, 29.495656828178, 32.3071416855946, 3.71701058092304,
    6.8045328986918, 9.86491561459016, 12.9148238151619, 15.9571512203633,
    18.9914263870058, 22.0154069170322, 25.0242349354947, 28.0072962108278,
    30.9296046708428, 4.98170262737776, 8.16334230755301, 11.2658340864104,
    14.3390364412248, 17.3949990650101, 20.4369409025546, 23.4635423807657,
    26.4689961370831, 29.4366335761982, 32.2691392254465, 6.18871724129888,
    9.46569810932369, 12.616839883425, 15.7190531416871, 18.7934040718249,
    21.846390866593, 24.8776619358646, 27.8794580328532, 30.8218684640881,
    7.360307603726, 10.7288868978576, 13.9304700006605, 17.0644166863221,
    20.1594846721662, 23.2253202464392, 26.2618404476686, 29.2570772359601,
    32.1404535519208, 8.50746673423432, 11.9629484188232, 15.2147752097343,
    18.3814300457617, 21.4983167998107, 24.5775894763097, 27.6185829561829,
    30.6001763784196, 9.63654989792752, 13.1740869216733, 16.4752302541983,
    19.6747099218886, 22.8137627523867, 25.906239564988, 28.9493604069744,
    31.8988497216255, 10.7515519325548, 14.3668765273484, 17.7158567335671,
    20.9477642865571, 24.1085892999648, 27.2133519831156, 30.2538317956815,
    11.8552346523044, 15.5441937886278, 18.939603992622, 22.2031053757139,
    25.3850381269555, 28.5000300687207, 31.5282694066207, 12.9496124449926,
    16.7086373918722, 20.1486377916535, 23.4427709491169, 26.644622204809,
    29.7669496455853, 14.0359324088864, 17.8617730192981, 21.3447522394136,
    24.6683436975714, 27.8884565674362, 31.0130354854466, 15.1155803276686,
    19.0050629139427, 22.5294404639992, 25.8810384268142, 29.1174246108011,
    32.2351739857545, 16.1891708893546, 20.1396194731877, 23.7036715783173,
    27.081906041637, 30.331620516494, 17.2576491212629, 21.2664324858816,
    24.8685078063953, 28.2715666220556, 31.5305344431492, 18.3214230312862,
    22.3861374547468, 26.0245474421895, 29.4506181250264, 19.3809802782605,
    23.4994004107414, 27.172540528778, 30.6192040332591, 20.4367538675498,
    24.6067791681737, 28.3129713153495, 31.7774250899326, 21.4890645438682,
    25.7086542397006, 29.4461261131468, 22.5382074002821, 26.8053722000957,
    30.5723180546485, 23.5843874517379, 27.8974223139008, 31.6916860631521,
    24.6279251455967, 28.9849005666478, 25.6688010151522, 30.0680551092843,
    26.7074092711203, 31.1470730561091, 27.7437279093827, 32.2220802468903,
    28.7778617567658, 29.8100703429232, 30.8403287298542, 31.8687737395624
  ],
  "cladding_wavevector": [
    32.3949772517305, 32.0344666556392, 31.3758792997477, 30.4004960736619,
    29.0778086464672, 27.3598169360553, 25.1694718821636, 22.3755972651113,
    18.7259291243729, 13.5971804763433, 3.33551866113941, 32.2654756818058,
    31.7580764635158, 30.9444749276653, 29.8007451996627, 28.2886269296046,
    26.3477287905207, 23.8788388936603, 20.7042206934977, 16.4459249539466,
    9.91144003348017, 32.0945435793107, 31.4362359547324, 30.4624042217512,
    29.1422223340829, 27.4279254804331, 25.2429898224712, 22.4574991389938,
    18.8220437818791, 13.7244924253151, 3.68507018666494, 31.8838025890756,
    31.0689177142533, 29.9281212238241, 28.4216195344444, 26.4893384595578,
    24.0335660012395, 20.8801107572907, 16.6617198519922, 10.2415581341096,
    31.633889432228, 30.6556369133781, 29.3397187135902, 27.6348108693992,
    25.4651186210587, 22.7037791585946, 19.110018967366, 14.1032095723264,
    4.67635906541795, 31.3448576069152, 30.1954459109394, 28.6947330349865,
    26.7768578833414, 24.345419762388, 21.232503012266, 17.090668919745,
    10.8860596287869, 31.0163504412858, 29.6870430055283, 27.9900674651392,
    25.8414952764238, 23.1172947749019, 19.5893808027039, 14.7245244629155,
    6.11068531909838, 30.6476951771821, 29.1285074708578, 27.2217837186989,
    24.8207223913152, 21.7635707225978, 17.7288060081595, 11.81451439165,
    30.237898405324, 28.5176283742789, 26.3850050072868, 23.704413097709,
    20.2602302041441, 15.5764365216795, 7.80034081662066, 29.7856446322115,
    27.8513648703044, 25.4737018074061, 22.4791810095282, 18.5725926083273,
    12.9925285233122, 29.2894125930355, 27.1262631639334, 24.4801683096735,
    21.1269947661844, 16.6466536852941, 9.64721299704334, 28.7471097675869,
    26.337894226171, 23.3944737280199, 19.6226639012561, 14.3893249551954,
    3.9712273593982, 28.1564883205837, 25.4808323275967, 22.2038970079391,
    17.9289557360109, 11.613349451183, 27.5145531571797, 24.5482369622613,
    20.8910126158391, 15.9873577981656, 7.79118003650764, 26.8179519490313,
    23.5316369700256, 19.4319329728445, 13.6944580281864, 26.0625150759778,
    22.4199747762468, 17.7912936529026, 10.832425074818, 25.2431412464669,
    21.1986675902196, 15.9139166746621, 6.71359391724117, 24.3535868746548,
    19.8479768695809, 13.704114183724, 23.3860277904086, 18.3398230592945,
    10.964052963996, 22.330556579678, 16.6316239998313, 7.10732883061609,
    21.1740971862976, 14.6544405479511, 19.8994910255618, 12.2796233890513,
    18.4821908511078, 9.205266355152, 16.8867596158065, 4.07610515012296,
    15.0569505989882, 12.8932848716635, 10.1858339111937, 6.26564832786455
  ],
  "azimuthal_indices": [
    0, 0, 0, 0, 0, 0, 0, 0, 0, 0, 0, 1, 1, 1, 1, 1, 1, 1, 1, 1, 1, 2, 2, 2, 2,
    2, 2, 2, 2, 2, 2, 3, 3, 3, 3, 3, 3, 3, 3, 3, 4, 4, 4, 4, 4, 4, 4, 4, 4, 5,
    5, 5, 5, 5, 5, 5, 5, 6, 6, 6, 6, 6, 6, 6, 6, 7, 7, 7, 7, 7, 7, 7, 8, 8, 8,
    8, 8, 8, 8, 9, 9, 9, 9, 9, 9, 10, 10, 10, 10, 10, 10, 11, 11, 11, 11, 11,
    11, 12, 12, 12, 12, 12, 13, 13, 13, 13, 13, 14, 14, 14, 14, 15, 15, 15, 15,
    16, 16, 16, 16, 17, 17, 17, 18, 18, 18, 19, 19, 19, 20, 20, 21, 21, 22, 22,
    23, 23, 24, 25, 26, 27
  ],
  "radial_indices": [
    0, 1, 2, 3, 4, 5, 6, 7, 8, 9, 10, 0, 1, 2, 3, 4, 5, 6, 7, 8, 9, 0, 1, 2, 3,
    4, 5, 6, 7, 8, 9, 0, 1, 2, 3, 4, 5, 6, 7, 8, 0, 1, 2, 3, 4, 5, 6, 7, 8, 0,
    1, 2, 3, 4, 5, 6, 7, 0, 1, 2, 3, 4, 5, 6, 7, 0, 1, 2, 3, 4, 5, 6, 0, 1, 2,
    3, 4, 5, 6, 0, 1, 2, 3, 4, 5, 0, 1, 2, 3, 4, 5, 0, 1, 2, 3, 4, 5, 0, 1, 2,
    3, 4, 0, 1, 2, 3, 4, 0, 1, 2, 3, 0, 1, 2, 3, 0, 1, 2, 3, 0, 1, 2, 0, 1, 2,
    0, 1, 2, 0, 1, 0, 1, 0, 1, 0, 1, 0, 0, 0, 0
  ]
}
